order_date,user_id,age,category,amount,is_return
2023-01-01,1300,21,Home,148.491510769125,0
2023-01-01,1545,48,Books,32.78000285919602,0
2023-01-01,1097,49,Home,171.0376667753018,0
2023-01-01,1860,41,Electronics,486.90507778155273,0
2023-01-01,1098,34,Clothing,56.373536828753956,0
2023-01-01,1234,66,Books,16.175398079275787,0
2023-01-02,1406,41,Clothing,36.17540075053908,0
2023-01-02,1160,23,Electronics,662.6142798783112,0
2023-01-02,1409,37,Clothing,40.342425843937406,0
2023-01-03,1671,53,Home,209.43242681787652,0
2023-01-04,1191,61,Beauty,43.090463054246946,0
2023-01-04,1557,53,Electronics,519.3569399253578,0
2023-01-04,1054,54,Home,113.22696549727195,0
2023-01-04,1226,48,Clothing,39.6618552981925,0
2023-01-05,1793,56,Home,190.340283603064,0
2023-01-05,1225,55,Clothing,46.48175827662778,0
2023-01-05,1664,40,Books,19.91481665304276,0
2023-01-05,1634,63,Home,155.61492061458486,0
2023-01-05,1795,63,Books,34.25582970973354,0
2023-01-06,1284,22,Clothing,41.647142944092415,0
2023-01-06,1318,32,Clothing,45.64181022833769,0
2023-01-06,1379,67,Home,127.28068458966118,0
2023-01-06,1411,28,Clothing,58.04501055948959,0
2023-01-07,1393,49,Home,97.53761771590837,0
2023-01-07,1537,42,Books,31.452577094352794,0
2023-01-08,1123,42,Clothing,57.37252532943198,0
2023-01-08,1890,25,Home,125.44788208413948,0
2023-01-08,1362,44,Clothing,42.609831299788524,0
2023-01-09,1197,34,Electronics,462.1704725738788,1
2023-01-09,1155,54,Electronics,484.13833229486784,0
2023-01-09,1570,27,Clothing,69.87130970670106,0
2023-01-10,1375,55,Clothing,50.19154915057859,0
2023-01-10,1267,63,Electronics,476.3763868502083,0
2023-01-12,1348,57,Home,120.11894616892009,0
2023-01-12,1780,47,Home,107.17999231453604,0
2023-01-12,1226,59,Home,156.06163848076937,0
2023-01-13,1016,38,Home,222.8743296603646,0
2023-01-13,1734,25,Electronics,557.1878066178356,1
2023-01-13,1410,45,Home,111.65824562646596,0
2023-01-13,1615,45,Electronics,558.2167044480058,0
2023-01-14,1778,46,Beauty,38.662430855421185,0
2023-01-14,1738,30,Clothing,50.86428517078435,0
2023-01-14,1006,30,Clothing,36.3575224478209,0
2023-01-14,1030,35,Electronics,499.3653578927165,1
2023-01-15,1158,66,Home,126.53928404677681,0
2023-01-15,1615,28,Electronics,415.2570307882054,1
2023-01-15,1257,21,Electronics,493.7444914011626,0
2023-01-16,1575,28,Clothing,43.97314152172211,0
2023-01-17,1777,68,Books,26.11217068484964,1
2023-01-18,1327,69,Electronics,541.886474740898,0
2023-01-19,1101,43,Clothing,38.06289012339172,0
2023-01-19,1401,25,Electronics,649.3938199798345,0
2023-01-20,1329,44,Clothing,53.55977123959745,0
2023-01-20,1107,39,Home,170.79974070997804,0
2023-01-20,1737,64,Books,16.686868388743225,0
2023-01-21,1319,44,Electronics,589.9435040755722,1
2023-01-21,1918,39,Books,22.213598498186496,0
2023-01-22,1113,33,Beauty,47.15239677859835,0
2023-01-22,1017,61,Beauty,43.285845306152744,0
2023-01-22,1605,32,Beauty,53.51035130647924,0
2023-01-23,1225,64,Clothing,36.97760790983677,0
2023-01-23,1167,40,Clothing,48.09182594545655,0
2023-01-25,1814,27,Clothing,49.23903231388041,0
2023-01-25,1222,30,Home,133.2080426357968,0
2023-01-25,1112,55,Electronics,595.8204917294233,1
2023-01-26,1878,45,Electronics,404.65810976223247,1
2023-01-26,1815,39,Home,180.07249376016023,0
2023-01-26,1181,35,Clothing,43.26953154872988,0
2023-01-27,1113,19,Clothing,53.13537967283516,0
2023-01-28,1288,49,Electronics,549.3172003201721,0
2023-01-28,1841,59,Home,162.1474229687739,0
2023-01-28,1988,65,Home,120.80304674015849,0
2023-01-28,1696,57,Books,19.522832713527066,1
2023-01-28,1132,38,Electronics,323.05414046834056,0
2023-01-29,1684,25,Home,178.44364317301935,1
2023-01-29,1980,58,Electronics,509.4308578928966,0
2023-01-30,1328,42,Beauty,37.67431405317424,0
2023-01-31,1209,68,Books,26.775157990854186,0
2023-02-02,1156,50,Home,157.68164592849777,1
2023-02-02,1028,21,Books,31.75567956630615,0
2023-02-02,1423,66,Home,137.49892199297,1
2023-02-03,1194,46,Books,28.20198592455839,0
2023-02-03,1322,56,Electronics,478.0576074076493,0
2023-02-03,1365,33,Home,199.82407205813726,0
2023-02-03,1413,46,Beauty,33.1348220328267,0
2023-02-04,1195,56,Electronics,692.7569385178194,0
2023-02-04,1663,66,Home,160.64904764272995,0
2023-02-04,1164,47,Electronics,441.7888406209572,0
2023-02-04,1870,22,Clothing,54.48689768338907,0
2023-02-04,1576,25,Beauty,33.49164996481663,1
2023-02-05,1703,41,Beauty,41.02843138712052,0
2023-02-05,1977,66,Clothing,61.8004536881117,0
2023-02-05,1129,67,Home,128.1436493303998,1
2023-02-05,1500,18,Beauty,31.377007176250196,0
2023-02-06,1054,51,Home,91.24675373596087,0
2023-02-06,1216,39,Clothing,43.634742768243974,0
2023-02-06,1661,19,Clothing,40.98218413299179,0
2023-02-07,1370,32,Electronics,537.4278180481145,0
2023-02-07,1270,42,Books,25.095473599787827,0
2023-02-08,1639,31,Books,31.81308513306684,0
2023-02-08,1294,57,Home,138.35706278701198,1
2023-02-08,1980,32,Books,24.934135057388367,0
2023-02-08,1451,27,Electronics,496.3186493821717,0
2023-02-08,1442,50,Books,27.639513244714486,0
2023-02-08,1824,26,Home,140.8029165859845,0
2023-02-08,1338,66,Clothing,48.98961223118077,1
2023-02-09,1305,41,Home,121.37882593366926,0
2023-02-10,1973,58,Clothing,64.56709950061794,0
2023-02-10,1668,57,Home,93.58670834625487,0
2023-02-10,1747,57,Books,17.538656066700682,1
2023-02-11,1227,28,Electronics,542.6119526404661,0
2023-02-11,1660,51,Home,196.3713689297765,0
2023-02-11,1993,38,Books,29.207523399079985,0
2023-02-12,1462,40,Electronics,553.8728976052508,0
2023-02-12,1186,52,Books,25.029167733327167,0
2023-02-13,1549,28,Beauty,40.9047691025619,0
2023-02-13,1363,20,Home,160.7921029307238,0
2023-02-13,1806,25,Home,136.871752297291,0
2023-02-13,1401,41,Electronics,442.93286513866747,0
2023-02-14,1068,39,Clothing,56.714806010069175,0
2023-02-15,1388,35,Books,34.73908393627158,0
2023-02-15,1697,54,Home,142.10235509209113,0
2023-02-15,1161,37,Electronics,671.9846211102586,0
2023-02-16,1748,67,Home,138.83735275641135,0
2023-02-16,1377,42,Clothing,52.339474521345394,0
2023-02-16,1853,51,Clothing,61.622007890407524,0
2023-02-16,1976,45,Electronics,617.7206798052249,0
2023-02-16,1893,61,Clothing,45.71654760294138,0
2023-02-17,1108,52,Beauty,45.914446726658376,0
2023-02-17,1352,31,Clothing,47.496013526299144,0
2023-02-17,1549,58,Home,140.3028610643373,0
2023-02-18,1799,66,Books,24.80497899690673,0
2023-02-18,1317,42,Beauty,31.114782430002514,0
2023-02-19,1378,34,Home,143.3962895913009,0
2023-02-20,1699,65,Home,146.08620392881906,0
2023-02-20,1356,62,Beauty,29.68187534587952,0
2023-02-20,1687,26,Home,136.85222647864316,0
2023-02-20,1501,37,Electronics,321.7295256551977,0
2023-02-20,1458,44,Electronics,456.99007962380546,0
2023-02-20,1574,59,Electronics,408.761254748761,0
2023-02-21,1377,46,Electronics,516.9441830859687,0
2023-02-21,1156,56,Home,148.36161977825722,0
2023-02-21,1016,27,Beauty,44.68392594999693,0
2023-02-22,1152,66,Electronics,534.8289330099758,0
2023-02-22,1255,28,Books,18.842656257028956,0
2023-02-22,1982,66,Electronics,710.5677066340631,0
2023-02-22,1011,50,Books,18.91301940505367,0
2023-02-22,1737,49,Electronics,390.6442854111764,0
2023-02-22,1664,28,Home,219.01186928055512,0
2023-02-22,1827,37,Clothing,43.50178521859179,0
2023-02-23,1260,30,Home,173.1976296395115,0
2023-02-23,1612,21,Home,171.67765504860316,0
2023-02-23,1516,35,Electronics,477.69329645192585,0
2023-02-23,1413,64,Clothing,69.12409409916799,0
2023-02-23,1238,59,Electronics,477.66494591162643,0
2023-02-23,1573,53,Electronics,581.1940328395292,1
2023-02-23,1688,64,Clothing,57.797554962888206,0
2023-02-24,1929,63,Home,108.56670732255759,0
2023-02-25,1421,22,Electronics,718.2356501192701,0
2023-02-25,1146,24,Home,101.62014725879318,1
2023-02-26,1215,64,Books,25.582191203316967,0
2023-02-27,1994,19,Clothing,36.18004677406809,0
2023-02-27,1228,25,Electronics,572.6003432567668,0
2023-02-27,1745,26,Electronics,510.3938834148899,0
2023-02-27,1982,61,Electronics,661.1790591312396,0
2023-02-27,1757,66,Beauty,50.37937137031763,0
2023-02-27,1525,29,Home,166.9706123900817,0
2023-02-28,1955,41,Home,192.6077079732588,0
2023-03-01,1733,21,Books,31.537420947716726,0
2023-03-01,1855,56,Clothing,33.35390264966233,0
2023-03-02,1570,24,Beauty,50.00763579381479,0
2023-03-02,1036,52,Clothing,54.661903423471195,0
2023-03-03,1659,43,Clothing,56.61422784083347,1
2023-03-03,1228,59,Home,119.82561988913672,0
2023-03-03,1028,32,Clothing,66.08305472055386,0
2023-03-03,1440,30,Electronics,607.5393445646077,1
2023-03-04,1178,32,Electronics,454.0269268625773,0
2023-03-04,1896,43,Home,169.5348438195694,0
2023-03-04,1139,20,Home,146.57822482882932,0
2023-03-04,1215,23,Clothing,36.54515163747778,0
2023-03-06,1511,46,Books,28.509246427460464,0
2023-03-06,1946,68,Home,148.54179315381555,0
2023-03-06,1948,19,Electronics,300.5054714186715,0
2023-03-07,1810,21,Clothing,44.41005272118002,1
2023-03-07,1572,31,Electronics,636.8129807708867,1
2023-03-08,1699,58,Electronics,359.9080671890871,0
2023-03-09,1669,45,Books,13.1801575287391,0
2023-03-09,1865,66,Books,26.91213280867555,0
2023-03-10,1997,43,Clothing,42.76884369361053,0
2023-03-10,1822,36,Clothing,58.51069214020614,0
2023-03-10,1145,63,Clothing,59.35392053798128,0
2023-03-10,1648,35,Electronics,424.1147868962362,0
2023-03-11,1826,62,Electronics,703.503270136591,0
2023-03-11,1323,22,Books,20.051930204985922,0
2023-03-13,1225,31,Books,24.096078180522547,0
2023-03-13,1009,31,Beauty,35.13978926122819,0
2023-03-14,1039,53,Books,29.73992059928491,0
2023-03-15,1921,26,Electronics,574.692346907106,0
2023-03-16,1475,20,Clothing,51.55522425954996,0
2023-03-16,1890,18,Books,23.21854852697608,0
2023-03-16,1243,30,Home,158.99323691164693,0
2023-03-16,1762,57,Home,136.02533763241172,0
2023-03-17,1654,28,Clothing,24.565018170445263,0
2023-03-17,1355,43,Home,161.18498975395897,0
2023-03-17,1612,67,Clothing,62.31984471269636,0
2023-03-19,1567,69,Electronics,491.1080299481238,1
2023-03-19,1659,47,Clothing,45.88942208132956,0
2023-03-19,1746,43,Clothing,43.75363357325887,0
2023-03-21,1981,55,Beauty,45.228015616446896,0
2023-03-22,1850,24,Electronics,497.1909686591978,1
2023-03-22,1553,39,Electronics,545.4013801716767,1
2023-03-22,1609,29,Home,158.00960956582952,0
2023-03-22,1296,47,Books,31.499870233628762,0
2023-03-23,1688,49,Beauty,34.6862065491742,0
2023-03-24,1223,57,Home,113.33937385289538,0
2023-03-24,1771,35,Electronics,637.2061423949685,1
2023-03-25,1107,25,Books,23.375838131653403,0
2023-03-26,1583,52,Books,31.869039137135523,0
2023-03-27,1033,19,Clothing,46.77435215898023,0
2023-03-27,1291,37,Books,22.484597304476722,0
2023-03-27,1524,46,Home,181.3540364515281,0
2023-03-29,1167,61,Clothing,46.9257655540174,0
2023-03-30,1609,25,Electronics,581.6339155938344,1
2023-03-30,1348,24,Home,62.25224462409969,0
2023-03-31,1957,47,Electronics,335.8746797640137,1
2023-03-31,1068,43,Home,110.37528678363128,0
2023-03-31,1396,48,Books,27.30127931755063,0
2023-03-31,1761,28,Clothing,37.319857926166236,0
2023-04-01,1371,53,Electronics,662.8345959391362,0
2023-04-02,1964,68,Books,25.80508942752228,0
2023-04-02,1146,50,Beauty,41.208098324462554,0
2023-04-02,1208,18,Electronics,391.8252512701159,0
2023-04-02,1290,32,Home,191.00509381816337,0
2023-04-03,1288,47,Home,144.62550727009716,0
2023-04-03,1913,36,Clothing,40.965735836310564,0
2023-04-04,1006,69,Electronics,504.3529810758111,1
2023-04-04,1587,29,Clothing,46.173215624481315,0
2023-04-05,1905,30,Clothing,57.448984493936926,0
2023-04-05,1348,48,Home,172.7298861881993,0
2023-04-05,1983,27,Books,31.729016336814347,0
2023-04-05,1309,53,Clothing,56.52388716243566,0
2023-04-05,1106,69,Clothing,50.90968976775409,1
2023-04-06,1839,20,Home,100.3481102300044,0
2023-04-06,1475,64,Electronics,565.9721199656394,0
2023-04-06,1072,61,Books,25.20861355607849,0
2023-04-06,1647,48,Home,142.80303248759517,0
2023-04-06,1665,55,Electronics,549.6664734227375,0
2023-04-07,1665,62,Home,188.2496735790013,0
2023-04-07,1830,43,Beauty,34.644911577830925,1
2023-04-08,1201,68,Electronics,312.25571147638914,1
2023-04-08,1215,58,Beauty,43.32781296974242,0
2023-04-08,1379,23,Home,180.3640938272559,0
2023-04-09,1992,41,Clothing,56.48088364660409,0
2023-04-09,1735,47,Electronics,358.98589950196765,0
2023-04-09,1007,64,Books,24.96242317864611,1
2023-04-09,1663,64,Beauty,36.828513364548684,0
2023-04-09,1449,24,Clothing,58.100806519091854,1
2023-04-09,1468,18,Electronics,399.6108920781161,0
2023-04-09,1410,30,Electronics,410.1139393041407,0
2023-04-09,1806,39,Books,23.391687424707904,0
2023-04-09,1496,53,Electronics,650.0571368962669,0
2023-04-10,1026,61,Books,24.04735816168161,0
2023-04-10,1454,60,Books,27.420795594664764,0
2023-04-10,1641,45,Beauty,39.32349600684954,1
2023-04-10,1523,54,Clothing,43.21514594974921,0
2023-04-11,1778,69,Home,109.2662731422637,0
2023-04-11,1461,29,Books,27.535406293797745,0
2023-04-11,1830,45,Beauty,42.95696283471464,0
2023-04-11,1833,55,Clothing,43.4505403919731,0
2023-04-11,1804,48,Home,125.97057620046874,0
2023-04-13,1052,63,Beauty,45.11415630285534,0
2023-04-13,1489,63,Home,132.7635907159836,0
2023-04-13,1649,28,Clothing,35.43162130606677,0
2023-04-13,1258,69,Electronics,636.6990432678843,0
2023-04-14,1119,51,Electronics,633.1756970394554,0
2023-04-14,1700,33,Home,153.77099466530953,0
2023-04-15,1750,48,Electronics,453.68323869272086,0
2023-04-15,1709,52,Electronics,437.1615909004862,0
2023-04-16,1131,26,Home,190.1349306289835,0
2023-04-16,1058,28,Clothing,53.89600394794567,0
2023-04-16,1909,21,Clothing,47.60833619930962,0
2023-04-17,1167,45,Electronics,471.94233220551905,0
2023-04-17,1689,64,Electronics,367.6728976894895,0
2023-04-18,1871,31,Electronics,495.7664341801763,0
2023-04-18,1904,51,Clothing,39.007717496418564,0
2023-04-19,1775,52,Books,26.56524854956573,1
2023-04-19,1855,26,Home,144.490109024926,0
2023-04-21,1674,18,Books,22.657212568370703,0
2023-04-21,1536,48,Home,136.8011126278027,0
2023-04-21,1466,65,Electronics,386.8263280682365,1
2023-04-21,1362,34,Clothing,56.54105595856611,0
2023-04-21,1454,50,Clothing,35.58155574000288,0
2023-04-22,1768,29,Books,31.162624415589534,0
2023-04-22,1688,42,Books,27.174156103834225,0
2023-04-22,1730,49,Clothing,47.560967786745366,0
2023-04-22,1500,19,Electronics,542.7097316791668,1
2023-04-23,1295,66,Clothing,55.97731708113624,0
2023-04-23,1556,38,Books,27.25805341363128,0
2023-04-23,1028,24,Electronics,370.3976379748608,0
2023-04-23,1062,31,Clothing,51.10682405655826,0
2023-04-23,1778,48,Home,145.7517056953257,0
2023-04-23,1284,49,Books,17.973754046133458,0
2023-04-23,1603,68,Books,33.81778720003359,0
2023-04-24,1738,56,Home,185.52517582980437,0
2023-04-24,1263,46,Electronics,582.0759303981306,0
2023-04-25,1547,24,Electronics,690.5941348457565,0
2023-04-26,1312,67,Electronics,495.50454132276167,1
2023-04-26,1341,27,Books,23.642592661965327,0
2023-04-26,1615,53,Electronics,511.924332929589,0
2023-04-27,1985,67,Clothing,65.18886581452664,0
2023-04-27,1961,38,Clothing,28.336191565842217,0
2023-04-28,1505,19,Electronics,435.9470543492513,0
2023-04-28,1569,47,Home,99.89983576875325,1
2023-04-28,1459,28,Clothing,39.653423795630665,0
2023-04-28,1028,28,Books,31.541579154457178,0
2023-04-29,1588,69,Books,20.525313232293172,0
2023-04-29,1431,67,Books,29.706289273973987,0
2023-04-30,1147,48,Home,101.31217257509707,0
2023-04-30,1720,42,Books,35.38689997795622,0
2023-05-01,1140,63,Electronics,670.5642942525445,0
2023-05-01,1288,54,Electronics,215.65147079482244,0
2023-05-02,1484,34,Beauty,28.932371855450754,1
2023-05-02,1277,49,Clothing,51.143468913036884,0
2023-05-02,1038,37,Electronics,416.60156458005326,1
2023-05-02,1171,44,Electronics,849.5877789600099,0
2023-05-02,1315,38,Books,16.22728948066865,0
2023-05-02,1400,20,Clothing,23.732137426492894,0
2023-05-03,1660,51,Clothing,62.19503568712245,0
2023-05-04,1802,57,Electronics,466.6828335169073,1
2023-05-04,1631,62,Electronics,323.9421405758397,0
2023-05-05,1708,19,Electronics,530.5629230458154,1
2023-05-06,1151,66,Books,20.618076332773484,0
2023-05-06,1045,69,Home,174.6992835631255,0
2023-05-06,1441,43,Electronics,484.3492969164627,0
2023-05-06,1419,41,Beauty,45.58069280277743,0
2023-05-06,1489,23,Electronics,634.9325062945844,0
2023-05-06,1169,60,Home,185.63157531499203,0
2023-05-07,1087,64,Beauty,37.80080993691507,0
2023-05-07,1358,42,Electronics,418.69878782796275,0
2023-05-07,1666,56,Home,124.98599995093215,0
2023-05-08,1766,62,Home,190.03050977847897,0
2023-05-08,1528,31,Clothing,45.79604877638373,0
2023-05-08,1143,54,Electronics,223.89380338440105,0
2023-05-08,1814,29,Electronics,534.1127313439708,0
2023-05-09,1875,22,Electronics,499.7833546772114,0
2023-05-09,1578,63,Electronics,594.2238151497362,0
2023-05-09,1200,50,Electronics,573.3989227418566,0
2023-05-10,1768,37,Beauty,52.326286495957994,0
2023-05-10,1181,67,Beauty,39.79993034952767,0
2023-05-11,1083,62,Books,31.339610666659436,0
2023-05-11,1318,64,Electronics,356.02257868899153,0
2023-05-11,1546,46,Electronics,463.4637009227269,1
2023-05-11,1521,56,Clothing,39.630489940250584,0
2023-05-12,1839,49,Books,29.143547176099588,0
2023-05-13,1266,49,Electronics,522.9403247831434,0
2023-05-13,1010,69,Home,156.79525949016033,1
2023-05-13,1373,39,Electronics,446.00123642743097,0
2023-05-13,1223,21,Beauty,34.88701182022429,0
2023-05-13,1946,22,Home,146.36760115772867,0
2023-05-14,1182,20,Clothing,50.79976494778071,0
2023-05-14,1380,53,Beauty,36.29342108130715,0
2023-05-14,1010,20,Beauty,43.39578475398328,0
2023-05-15,1477,67,Electronics,629.1403548216008,0
2023-05-15,1476,54,Beauty,33.863859784784,0
2023-05-15,1295,32,Books,24.55387273541668,0
2023-05-16,1390,56,Books,30.01325456493914,0
2023-05-16,1476,62,Electronics,400.34072636770486,0
2023-05-16,1390,49,Electronics,463.17747247589085,0
2023-05-17,1021,60,Home,175.87300228666072,0
2023-05-17,1622,68,Books,19.070444953835768,0
2023-05-18,1951,45,Home,172.51608346305918,0
2023-05-19,1967,33,Electronics,405.79340984376336,0
2023-05-19,1796,19,Books,23.642721322739632,0
2023-05-20,1062,45,Clothing,43.19048924193246,0
2023-05-20,1515,65,Clothing,49.64210314061703,0
2023-05-21,1272,56,Home,145.58098808234945,0
2023-05-21,1287,52,Clothing,47.37703987810167,0
2023-05-22,1488,25,Beauty,50.47315509534077,0
2023-05-22,1150,63,Electronics,493.299285805649,0
2023-05-23,1084,21,Home,132.85877335650264,1
2023-05-23,1169,46,Home,176.4321472086784,0
2023-05-23,1323,29,Beauty,45.623630335254944,1
2023-05-24,1758,59,Home,158.35857576197753,0
2023-05-24,1713,40,Home,130.33263008011264,0
2023-05-24,1568,35,Clothing,37.00105720703675,0
2023-05-24,1591,22,Electronics,600.8001947245045,0
2023-05-24,1179,42,Home,150.01263777711355,0
2023-05-24,1933,65,Electronics,364.21775379624455,0
2023-05-24,1116,20,Electronics,328.12491071378355,0
2023-05-25,1735,24,Electronics,586.0456048422203,0
2023-05-25,1265,47,Home,170.31440599072891,0
2023-05-25,1570,62,Home,95.83328215748953,0
2023-05-25,1232,59,Clothing,30.33560730863951,0
2023-05-25,1518,21,Electronics,478.0249504157271,0
2023-05-26,1088,24,Beauty,52.13450293703899,0
2023-05-26,1364,58,Books,20.826183053038022,0
2023-05-26,1974,58,Clothing,52.64297821975433,0
2023-05-27,1127,41,Clothing,59.42568548536189,0
2023-05-27,1048,57,Electronics,585.605922349704,0
2023-05-27,1980,33,Home,146.15443591242698,0
2023-05-27,1902,65,Beauty,33.977241844914204,0
2023-05-27,1425,25,Clothing,42.22609924141096,0
2023-05-27,1924,23,Beauty,33.06621620297237,0
2023-05-28,1209,47,Books,18.11978868105323,0
2023-05-28,1074,43,Books,26.651454315665703,0
2023-05-28,1619,22,Home,157.49705127353184,0
2023-05-29,1348,19,Beauty,30.255136227605426,0
2023-05-30,1915,67,Electronics,644.6194665495393,0
2023-05-30,1863,41,Electronics,586.575273300959,0
2023-05-30,1612,33,Electronics,315.9670963765828,0
2023-05-31,1178,62,Electronics,384.6376009717324,0
2023-05-31,1095,22,Books,23.273034226649763,0
2023-05-31,1295,59,Clothing,62.12820985031866,0
2023-05-31,1394,22,Electronics,507.5920534259487,1
2023-05-31,1317,67,Home,128.8333772466525,0
2023-06-01,1712,62,Electronics,756.2527659332516,0
2023-06-01,1132,54,Books,28.855194599766275,0
2023-06-01,1291,36,Home,105.39192082418647,1
2023-06-01,1320,38,Home,173.48511494213676,0
2023-06-01,1885,25,Electronics,373.5855864972338,0
2023-06-01,1360,40,Electronics,489.5875845775477,0
2023-06-02,1140,58,Clothing,42.19459901770674,0
2023-06-02,1081,22,Home,138.1408356768076,0
2023-06-03,1217,32,Home,142.75968676780485,0
2023-06-03,1760,38,Home,175.57035499385302,0
2023-06-03,1040,25,Beauty,43.76411809408641,0
2023-06-04,1077,39,Electronics,526.628373044863,0
2023-06-04,1601,40,Home,208.65690092723335,0
2023-06-05,1738,29,Electronics,612.1905710982135,1
2023-06-06,1820,25,Clothing,53.11814183477261,0
2023-06-07,1589,64,Home,154.83154435789766,1
2023-06-07,1726,18,Home,113.14204452888575,0
2023-06-07,1877,59,Electronics,415.3087671683021,0
2023-06-09,1526,23,Electronics,646.1526206276503,0
2023-06-09,1804,58,Home,193.65181747445308,0
2023-06-09,1665,52,Clothing,57.37291316547052,0
2023-06-09,1453,26,Home,128.7519678179096,0
2023-06-09,1818,30,Home,181.63780548681177,0
2023-06-09,1094,37,Home,142.6245006306601,0
2023-06-09,1830,58,Clothing,53.50341779228397,0
2023-06-10,1983,55,Electronics,574.9089844253069,0
2023-06-10,1031,37,Beauty,46.42339175264528,0
2023-06-10,1629,28,Electronics,535.3430866486412,0
2023-06-10,1549,18,Electronics,447.28786145848835,0
2023-06-11,1752,52,Clothing,47.910000393062674,0
2023-06-11,1295,25,Books,28.67109109354098,0
2023-06-12,1951,60,Books,32.23793462256214,0
2023-06-12,1975,65,Beauty,31.264196202670764,0
2023-06-12,1793,31,Home,195.50840369125933,0
2023-06-12,1447,45,Clothing,53.117018021312184,0
2023-06-13,1506,59,Books,26.24505838182262,0
2023-06-13,1028,33,Clothing,43.84770809292077,0
2023-06-13,1015,47,Clothing,35.74406684521897,0
2023-06-14,1710,59,Electronics,426.7531542988346,0
2023-06-14,1085,66,Electronics,672.7482738030988,0
2023-06-14,1827,35,Clothing,67.65709266450403,0
2023-06-15,1892,51,Home,131.0643069166986,0
2023-06-16,1571,67,Home,181.75512901353534,0
2023-06-16,1989,50,Clothing,55.196144598478014,0
2023-06-17,1777,24,Clothing,53.734811877321604,1
2023-06-17,1675,64,Electronics,493.8047253901903,0
2023-06-18,1317,18,Books,23.378819945759,1
2023-06-19,1118,65,Books,14.172592071434993,0
2023-06-19,1282,23,Clothing,53.40059366860802,0
2023-06-19,1972,24,Electronics,471.52330224628037,0
2023-06-19,1235,29,Clothing,44.65284392189355,0
2023-06-19,1499,47,Electronics,480.15234849242444,0
2023-06-19,1015,38,Clothing,42.9121491975346,1
2023-06-20,1843,25,Electronics,526.4644005121289,0
2023-06-21,1323,39,Electronics,704.5817288088285,0
2023-06-21,1824,68,Electronics,416.5635821003983,0
2023-06-21,1950,69,Home,206.46876701502566,0
2023-06-21,1457,31,Clothing,55.363778526017036,0
2023-06-22,1038,39,Clothing,51.687062610952026,0
2023-06-22,1006,29,Electronics,496.3404137437449,0
2023-06-22,1309,47,Electronics,518.8467729066276,0
2023-06-22,1614,58,Books,33.30720506864198,0
2023-06-22,1078,68,Electronics,500.9044208198964,0
2023-06-22,1887,19,Home,123.83538962420116,0
2023-06-23,1046,19,Clothing,52.052668936010846,1
2023-06-23,1608,18,Electronics,557.7025826668453,1
2023-06-24,1375,33,Home,119.09956272410676,0
2023-06-25,1018,66,Clothing,56.19566472178107,0
2023-06-25,1911,60,Books,12.351418946972696,0
2023-06-26,1816,44,Home,133.210119306481,0
2023-06-26,1938,35,Books,20.971973007868705,0
2023-06-26,1153,21,Electronics,573.8490832606341,0
2023-06-26,1865,44,Electronics,469.8653550308449,0
2023-06-27,1370,51,Beauty,28.811842815478528,0
2023-06-27,1747,68,Home,201.08481018027834,0
2023-06-28,1876,20,Home,144.50425962848632,1
2023-06-28,1148,65,Electronics,248.2856857903755,0
2023-06-29,1169,38,Electronics,628.656482217061,0
2023-06-29,1684,38,Books,22.996322154063044,1
2023-06-29,1571,51,Home,177.48249672589964,0
2023-06-29,1105,27,Clothing,58.56450680015159,0
2023-06-29,1470,42,Electronics,279.0648394176656,0
2023-06-30,1390,56,Home,159.04261546550302,1
2023-06-30,1990,61,Home,148.87020169423678,1
2023-07-01,1222,54,Books,28.694577355218417,0
2023-07-02,1938,39,Clothing,66.07640921116217,0
2023-07-02,1954,36,Clothing,33.89928552585623,0
2023-07-03,1037,28,Home,130.89520650829982,0
2023-07-03,1910,32,Electronics,347.5584661879023,0
2023-07-03,1322,30,Beauty,45.58576668908383,0
2023-07-04,1016,23,Clothing,67.26626506496595,0
2023-07-05,1317,40,Beauty,30.141430823700475,1
2023-07-05,1513,58,Clothing,48.16806081778075,0
2023-07-05,1080,50,Electronics,425.0856735306399,0
2023-07-06,1754,24,Books,22.44832508396126,1
2023-07-06,1477,66,Electronics,525.7130652418621,1
2023-07-06,1725,38,Books,22.482894733365846,0
2023-07-06,1574,38,Books,24.329767083714025,0
2023-07-06,1534,54,Home,136.37494241521233,0
2023-07-07,1832,60,Books,26.77308784008972,0
2023-07-07,1961,55,Books,26.650834205964838,0
2023-07-07,1945,35,Books,17.90645731226263,0
2023-07-08,1074,27,Beauty,26.400322234535828,0
2023-07-08,1260,37,Clothing,57.60769641959354,0
2023-07-09,1016,64,Books,22.482822204194,0
2023-07-09,1421,35,Clothing,39.61830852913066,1
2023-07-09,1814,45,Clothing,53.15735898877357,0
2023-07-09,1804,25,Electronics,542.9624940633674,1
2023-07-09,1362,62,Clothing,35.561104225360864,0
2023-07-09,1884,61,Clothing,41.399866384214604,0
2023-07-10,1041,39,Books,29.268623361286387,1
2023-07-10,1758,40,Electronics,398.26663432452267,0
2023-07-10,1170,55,Home,190.95446285676246,0
2023-07-11,1717,51,Electronics,392.1462927488003,0
2023-07-11,1910,22,Home,171.25263128683747,0
2023-07-11,1481,53,Clothing,57.55925191643794,0
2023-07-11,1837,19,Electronics,474.0608244062744,0
2023-07-11,1376,18,Home,226.0054849603958,0
2023-07-11,1642,50,Electronics,655.6049439477057,0
2023-07-11,1418,33,Home,137.40409616741042,1
2023-07-13,1434,37,Clothing,45.25302230362941,0
2023-07-13,1906,36,Beauty,37.06537867274338,0
2023-07-13,1918,59,Electronics,504.2932245214413,0
2023-07-14,1250,48,Electronics,659.6048491395557,0
2023-07-14,1175,26,Electronics,733.3289321649783,1
2023-07-14,1285,29,Clothing,64.77681877937678,0
2023-07-15,1939,21,Home,106.01376507311505,0
2023-07-15,1147,61,Electronics,524.3244569855627,0
2023-07-16,1301,39,Electronics,514.5345802750635,0
2023-07-16,1428,33,Electronics,457.14999951779146,1
2023-07-17,1435,68,Books,27.301649365899067,0
2023-07-17,1949,53,Electronics,529.7856094206021,1
2023-07-17,1241,36,Clothing,62.74388087331719,0
2023-07-17,1992,49,Electronics,543.5674910905911,1
2023-07-18,1417,59,Clothing,44.03604782064515,0
2023-07-20,1230,50,Home,48.395587155350995,0
2023-07-20,1925,38,Books,23.773497293337346,0
2023-07-20,1936,35,Electronics,576.8179564462847,0
2023-07-21,1839,28,Home,131.5018483786351,1
2023-07-21,1563,55,Electronics,577.5767217403177,0
2023-07-21,1934,20,Home,224.38168256129734,0
2023-07-21,1523,35,Beauty,32.2902794571454,0
2023-07-22,1935,19,Beauty,42.11081360859148,0
2023-07-22,1645,68,Electronics,711.4331714730096,0
2023-07-22,1396,52,Electronics,702.580709191125,0
2023-07-23,1628,51,Clothing,58.95008668060121,0
2023-07-24,1884,31,Clothing,50.668148831774054,0
2023-07-24,1331,46,Electronics,417.752908715071,0
2023-07-25,1816,53,Electronics,451.5950363612982,1
2023-07-25,1004,31,Electronics,441.1961421541125,1
2023-07-26,1355,27,Electronics,468.963362180793,0
2023-07-26,1019,50,Electronics,579.0501360661723,1
2023-07-26,1908,61,Books,22.195323928881265,0
2023-07-27,1722,29,Clothing,51.06174969746502,0
2023-07-27,1574,48,Books,16.258091719295678,0
2023-07-27,1848,53,Clothing,47.91071513120423,0
2023-07-31,1920,37,Clothing,44.398134747817906,0
2023-07-31,1359,59,Home,189.00939576406776,0
2023-07-31,1481,27,Beauty,59.43426114361,0
2023-08-01,1920,34,Clothing,46.22678489881739,1
2023-08-01,1022,64,Books,22.477237814578913,1
2023-08-02,1253,39,Beauty,58.31844637968367,0
2023-08-02,1699,18,Clothing,48.21780519614763,0
2023-08-02,1261,69,Beauty,40.1639441034082,0
2023-08-03,1757,30,Clothing,46.44951355627848,0
2023-08-03,1690,35,Home,197.06803487032488,0
2023-08-03,1897,20,Clothing,35.365940415733114,0
2023-08-03,1547,33,Beauty,28.377632832893234,0
2023-08-03,1709,54,Clothing,52.180755086527235,0
2023-08-04,1556,67,Clothing,48.03477880572616,0
2023-08-04,1096,47,Clothing,53.63119341671357,0
2023-08-05,1882,55,Books,23.72811612097225,0
2023-08-05,1186,69,Home,175.18780637001618,0
2023-08-05,1224,42,Home,145.60972939035491,0
2023-08-05,1024,43,Books,22.779223211836143,0
2023-08-05,1171,41,Electronics,565.6357450629291,0
2023-08-05,1490,48,Clothing,43.52684591669963,0
2023-08-06,1873,65,Books,28.012330478504502,0
2023-08-06,1000,49,Home,185.14279043291617,1
2023-08-06,1841,67,Electronics,522.992646789343,0
2023-08-06,1088,19,Electronics,523.6325902727775,0
2023-08-06,1039,46,Home,135.33937109546972,0
2023-08-08,1158,30,Clothing,42.32578999928325,0
2023-08-08,1271,22,Beauty,44.36858810509689,0
2023-08-08,1978,29,Electronics,536.6565757193122,0
2023-08-08,1813,54,Electronics,506.9548087757243,0
2023-08-08,1675,38,Electronics,494.50188566991017,0
2023-08-08,1358,23,Home,89.32615245837316,0
2023-08-08,1152,46,Home,206.90214545989724,0
2023-08-09,1199,32,Electronics,502.09473655251435,0
2023-08-10,1053,37,Home,179.6722263208643,0
2023-08-10,1645,60,Clothing,51.721840922401576,0
2023-08-10,1260,49,Beauty,37.06799155590319,1
2023-08-11,1956,56,Books,18.716193275521803,0
2023-08-11,1760,67,Beauty,47.499129194238286,0
2023-08-11,1686,34,Clothing,46.262183948089714,0
2023-08-11,1726,38,Electronics,413.6040883164786,0
2023-08-11,1400,40,Home,143.86134746205394,0
2023-08-12,1584,38,Home,171.75598418019553,0
2023-08-12,1345,61,Clothing,64.59107157301978,0
2023-08-12,1640,30,Electronics,439.67921038823783,0
2023-08-12,1273,29,Clothing,52.14940169938933,0
2023-08-13,1429,55,Clothing,48.03993166528309,0
2023-08-13,1682,23,Clothing,43.72116785558211,0
2023-08-13,1395,68,Beauty,41.38941316910821,0
2023-08-13,1621,37,Clothing,41.68600532732547,0
2023-08-14,1036,25,Home,106.27176963013477,0
2023-08-14,1849,69,Home,153.77951863346732,0
2023-08-14,1221,26,Beauty,32.948531132335404,0
2023-08-15,1355,43,Electronics,496.08276293937803,0
2023-08-15,1492,69,Clothing,58.12914244897471,0
2023-08-15,1597,19,Books,16.108245163673097,0
2023-08-15,1326,27,Clothing,55.690792595356434,0
2023-08-15,1200,37,Clothing,52.06646438098339,0
2023-08-16,1238,61,Clothing,51.609789471789995,0
2023-08-16,1325,19,Clothing,44.330125241905726,0
2023-08-17,1269,52,Electronics,511.0259117488909,0
2023-08-17,1551,32,Beauty,52.40924035676563,0
2023-08-17,1195,34,Clothing,40.42494716684459,1
2023-08-17,1160,40,Clothing,53.14448917351962,0
2023-08-17,1889,53,Clothing,34.32670846475472,0
2023-08-18,1174,23,Home,94.84479504592349,0
2023-08-18,1876,30,Electronics,609.0723586149834,1
2023-08-19,1301,42,Electronics,509.6260776403382,1
2023-08-19,1695,23,Home,138.2305569379829,0
2023-08-19,1622,27,Clothing,68.76173413227713,0
2023-08-19,1156,58,Electronics,371.9874693066811,0
2023-08-19,1223,58,Electronics,430.8625502586064,0
2023-08-21,1086,60,Beauty,44.24153045874329,0
2023-08-21,1881,22,Clothing,50.42482538923175,1
2023-08-21,1449,53,Home,88.591959398316,0
2023-08-21,1317,56,Electronics,348.2462867984606,0
2023-08-21,1957,62,Electronics,580.1164019823923,0
2023-08-21,1274,21,Clothing,49.61788972528679,0
2023-08-21,1126,45,Clothing,71.36559128802725,0
2023-08-21,1447,34,Home,151.8132836977744,0
2023-08-22,1355,36,Electronics,490.8825766481437,0
2023-08-23,1536,52,Electronics,392.09244999320237,0
2023-08-23,1520,19,Beauty,52.28449902332332,0
2023-08-24,1232,67,Electronics,406.7887253543731,0
2023-08-24,1772,31,Beauty,45.57384727385475,0
2023-08-24,1816,52,Clothing,45.26428766228692,0
2023-08-25,1726,63,Electronics,458.93653080191984,0
2023-08-25,1142,55,Books,25.665468675683922,0
2023-08-25,1046,67,Home,146.63257599145024,0
2023-08-26,1436,52,Books,29.334951098641362,0
2023-08-26,1598,22,Home,167.7595405537366,0
2023-08-26,1768,45,Beauty,51.69390506827915,0
2023-08-27,1267,49,Clothing,53.57838348671024,0
2023-08-27,1550,28,Clothing,62.82648641296596,0
2023-08-27,1215,52,Books,26.52807180625608,0
2023-08-27,1398,19,Electronics,420.39839347841223,1
2023-08-27,1493,52,Home,141.1845889095868,0
2023-08-28,1312,29,Clothing,36.50451151825631,0
2023-08-28,1339,39,Clothing,54.70473656116732,0
2023-08-28,1039,36,Clothing,47.887247448496865,0
2023-08-29,1014,26,Beauty,36.61989812462365,0
2023-08-30,1145,31,Electronics,478.27163030631766,0
2023-08-30,1622,19,Clothing,66.08389311357192,1
2023-08-30,1872,61,Clothing,56.66166065471662,0
2023-08-30,1525,21,Clothing,44.67339027491241,0
2023-08-31,1931,28,Electronics,521.1749718081127,0
2023-08-31,1119,62,Clothing,45.614142893153236,1
2023-09-01,1587,42,Home,191.55446775636972,0
2023-09-03,1490,43,Home,137.5499525299464,0
2023-09-03,1748,67,Books,22.359830807183478,0
2023-09-04,1566,51,Home,151.6206217814247,0
2023-09-04,1362,21,Home,157.0124152926873,0
2023-09-04,1164,67,Clothing,41.02953569354745,0
2023-09-04,1579,32,Clothing,56.97065274014387,0
2023-09-04,1041,38,Electronics,611.1199356653281,0
2023-09-04,1473,18,Books,26.70254046371012,0
2023-09-06,1957,66,Beauty,36.64547563734623,0
2023-09-06,1260,68,Beauty,44.39759534648804,0
2023-09-06,1119,38,Books,25.403533131933706,0
2023-09-06,1972,56,Electronics,525.4258279740997,0
2023-09-07,1936,38,Clothing,51.68401956935473,0
2023-09-07,1609,23,Electronics,496.312043865621,0
2023-09-07,1921,60,Electronics,500.4813307376785,0
2023-09-08,1957,53,Beauty,36.02185908862129,0
2023-09-08,1046,35,Clothing,59.886805603447385,0
2023-09-09,1636,47,Clothing,46.46504553798313,0
2023-09-09,1502,50,Books,20.377513953721984,0
2023-09-09,1726,63,Clothing,62.462673431229845,0
2023-09-09,1721,51,Books,22.835495906074264,0
2023-09-09,1966,56,Books,32.49517202329713,0
2023-09-09,1805,25,Electronics,251.1437738208516,0
2023-09-09,1689,63,Books,17.475620035854366,0
2023-09-10,1488,31,Clothing,69.56418253188451,0
2023-09-10,1094,51,Home,177.78732964574675,0
2023-09-10,1692,32,Electronics,476.1393230743704,0
2023-09-10,1054,35,Clothing,45.13643106450187,0
2023-09-10,1989,56,Electronics,306.4415320482939,0
2023-09-10,1834,61,Home,150.9720432410902,0
2023-09-11,1560,46,Home,133.04479105182065,0
2023-09-11,1284,42,Books,24.847149182912524,0
2023-09-11,1286,32,Clothing,56.38450935164565,0
2023-09-12,1430,53,Clothing,60.36201832131722,0
2023-09-12,1864,32,Clothing,60.54128676018979,0
2023-09-12,1520,19,Books,23.38624486940782,0
2023-09-13,1982,37,Clothing,61.087883824753646,0
2023-09-13,1002,50,Electronics,588.1599745978208,0
2023-09-14,1780,19,Electronics,388.04442739115893,0
2023-09-14,1516,43,Electronics,495.17939185129376,0
2023-09-14,1701,32,Clothing,33.4763298429619,1
2023-09-15,1704,38,Electronics,392.8025083725821,0
2023-09-15,1784,37,Home,125.88082803579067,0
2023-09-16,1601,52,Electronics,430.72685355113157,0
2023-09-16,1209,25,Electronics,711.087263702428,0
2023-09-16,1258,44,Clothing,51.74459294836702,0
2023-09-16,1250,33,Clothing,58.64154213470886,0
2023-09-16,1844,29,Books,24.717301280091327,0
2023-09-17,1242,23,Books,30.384614126464253,0
2023-09-17,1600,55,Books,32.413573970862075,0
2023-09-18,1014,50,Books,21.453106462210695,0
2023-09-19,1866,55,Clothing,64.69023397540768,0
2023-09-19,1920,23,Electronics,514.8971949327209,0
2023-09-20,1024,31,Home,191.89885438521935,0
2023-09-21,1311,42,Books,36.18141825397993,0
2023-09-21,1585,27,Beauty,46.85864612448494,0
2023-09-21,1987,67,Books,27.8630405395705,0
2023-09-21,1724,42,Home,124.67162944431013,0
2023-09-21,1933,58,Electronics,650.642172200158,0
2023-09-21,1672,42,Beauty,40.063975196938124,0
2023-09-22,1043,41,Electronics,246.2611403930116,0
2023-09-22,1228,41,Electronics,666.9228754640302,0
2023-09-24,1888,26,Electronics,435.09462795716274,0
2023-09-24,1762,55,Home,188.1617694701965,0
2023-09-25,1773,52,Home,159.67400703005242,0
2023-09-25,1419,50,Clothing,47.79745398503912,0
2023-09-25,1904,32,Home,145.98333220302854,0
2023-09-25,1295,63,Books,30.704277478108274,1
2023-09-25,1060,38,Books,29.331599751310286,0
2023-09-26,1157,36,Electronics,636.9387672596295,1
2023-09-27,1294,30,Clothing,46.23823397218312,0
2023-09-28,1799,38,Home,157.61583627043754,0
2023-09-28,1531,26,Electronics,612.6296559324147,0
2023-09-28,1901,19,Electronics,506.03219145329723,1
2023-09-28,1333,32,Electronics,521.3645881512472,0
2023-09-29,1415,34,Beauty,38.41087792275177,0
2023-09-29,1804,31,Clothing,44.926163182539014,0
2023-09-30,1987,31,Home,130.21121096820266,0
2023-09-30,1287,64,Books,15.956264921788739,0
2023-09-30,1961,52,Clothing,36.11014863827542,0
2023-09-30,1497,41,Clothing,66.36825690112448,1
2023-10-01,1831,69,Electronics,451.9622509019678,1
2023-10-01,1926,38,Books,22.699914194868523,0
2023-10-02,1114,32,Beauty,38.67383041918836,0
2023-10-02,1537,25,Beauty,44.444709477351495,0
2023-10-02,1476,53,Home,133.13729024087417,1
2023-10-04,1483,62,Clothing,41.64005158403717,0
2023-10-04,1848,24,Books,26.094962616669964,0
2023-10-04,1919,20,Clothing,66.8354649877845,0
2023-10-04,1304,54,Home,80.35108779900254,0
2023-10-04,1677,54,Clothing,40.27050220683334,0
2023-10-04,1972,45,Home,133.85522996379814,0
2023-10-05,1127,26,Books,23.979533514922064,0
2023-10-06,1041,26,Clothing,51.57162349868818,0
2023-10-06,1280,46,Clothing,55.31990607611804,0
2023-10-07,1129,68,Home,176.52726917321434,1
2023-10-07,1475,42,Electronics,464.1153583087081,0
2023-10-07,1308,56,Clothing,38.71526370252454,0
2023-10-07,1144,62,Books,27.37683017173606,1
2023-10-07,1603,25,Clothing,60.5109512069933,0
2023-10-08,1053,33,Home,175.91639465006512,0
2023-10-08,1327,67,Books,15.711400693211443,0
2023-10-09,1858,55,Clothing,48.64890732809162,0
2023-10-09,1334,25,Clothing,69.37454896938424,0
2023-10-09,1963,28,Clothing,61.068501821898224,0
2023-10-10,1710,35,Beauty,43.47104680720186,0
2023-10-10,1805,59,Books,29.837438746193193,1
2023-10-10,1217,36,Clothing,42.98662808397286,0
2023-10-10,1996,21,Electronics,595.4013815847306,0
2023-10-10,1112,31,Electronics,534.8690451757246,0
2023-10-11,1643,46,Electronics,397.95954361677633,0
2023-10-11,1253,58,Home,144.95719602104268,1
2023-10-11,1954,36,Home,137.65830509917527,0
2023-10-11,1793,33,Electronics,374.9931510793606,1
2023-10-12,1676,45,Clothing,51.03797181096093,0
2023-10-12,1616,49,Electronics,391.88628872023384,0
2023-10-12,1743,33,Electronics,605.874382991481,0
2023-10-13,1130,27,Clothing,30.642344527887616,0
2023-10-13,1323,51,Electronics,361.16098592283055,0
2023-10-13,1711,29,Books,25.219374818803576,0
2023-10-13,1159,42,Beauty,42.18559359217635,1
2023-10-13,1946,37,Electronics,520.9446932296418,1
2023-10-15,1492,20,Electronics,425.8606723369743,1
2023-10-15,1417,49,Books,30.320570916673567,1
2023-10-15,1914,48,Books,29.05571629554956,0
2023-10-16,1499,37,Clothing,45.51231775511369,0
2023-10-16,1915,40,Electronics,509.9925172217241,0
2023-10-16,1284,60,Electronics,394.48215278968416,0
2023-10-16,1704,62,Home,130.66839213605917,0
2023-10-16,1824,53,Electronics,324.1806992724028,1
2023-10-17,1003,61,Home,181.18185159126415,0
2023-10-17,1905,62,Clothing,42.29432085613819,0
2023-10-19,1497,56,Home,196.828493972972,0
2023-10-19,1680,22,Books,30.423630710874725,0
2023-10-20,1886,26,Home,134.38853639392815,0
2023-10-20,1996,50,Home,153.95159668602946,0
2023-10-21,1968,23,Books,27.93568842106424,0
2023-10-21,1081,69,Home,121.4232563154431,0
2023-10-21,1970,36,Clothing,39.14543923103784,0
2023-10-21,1061,20,Clothing,50.299654400972514,0
2023-10-22,1050,50,Clothing,39.93020526553359,0
2023-10-23,1864,63,Clothing,64.97368970934124,0
2023-10-25,1181,58,Electronics,511.3624457494327,0
2023-10-26,1813,18,Books,25.219366799144876,0
2023-10-27,1666,46,Beauty,31.600966072857965,0
2023-10-27,1927,60,Books,35.51865958908155,0
2023-10-28,1865,69,Books,31.74563174084203,1
2023-10-28,1687,59,Clothing,52.1345301927981,0
2023-10-28,1103,39,Clothing,55.38806211751954,1
2023-10-29,1177,46,Clothing,51.33151211424286,0
2023-10-29,1097,47,Beauty,41.259583399686136,0
2023-10-30,1098,42,Home,170.32919065450042,0
2023-10-30,1515,61,Electronics,471.7899979962714,0
2023-10-30,1141,29,Electronics,417.9531907086912,0
2023-10-30,1190,40,Books,20.15535325875709,0
2023-10-31,1428,64,Clothing,39.343002826445584,0
2023-10-31,1966,29,Electronics,595.7789735136867,0
2023-10-31,1525,25,Books,22.67889451283387,0
2023-10-31,1263,52,Beauty,34.714063711717536,0
2023-10-31,1176,34,Clothing,45.268299293639615,0
2023-11-01,1706,58,Home,193.06307357518057,0
2023-11-01,1310,22,Beauty,41.04952072275107,0
2023-11-02,1887,19,Electronics,416.37118812746127,0
2023-11-02,1909,43,Clothing,44.11763540412317,1
2023-11-02,1144,52,Clothing,51.97026832877301,0
2023-11-03,1459,35,Books,20.57022843352702,0
2023-11-03,1512,25,Clothing,40.96656513703002,0
2023-11-04,1346,61,Books,30.37133806454933,0
2023-11-04,1780,25,Home,162.6035399475592,1
2023-11-04,1592,58,Home,199.2160071267711,0
2023-11-05,1328,54,Electronics,661.0171529378606,0
2023-11-06,1748,65,Home,135.56779327846547,0
2023-11-06,1890,25,Home,180.99355546199521,0
2023-11-07,1704,40,Clothing,39.06563417903588,0
2023-11-07,1279,30,Books,30.304068431276946,0
2023-11-07,1439,60,Electronics,667.0162587348925,1
2023-11-08,1669,69,Home,156.89102241503565,1
2023-11-08,1935,25,Home,175.93589725622385,0
2023-11-08,1425,62,Home,160.1880556026507,1
2023-11-09,1726,27,Electronics,531.8105056052626,0
2023-11-09,1943,57,Books,25.77304214760389,0
2023-11-10,1522,23,Electronics,361.11084458269204,0
2023-11-10,1418,55,Electronics,306.6558893214019,0
2023-11-10,1466,27,Electronics,571.7690741439463,1
2023-11-11,1887,49,Electronics,409.50853479439894,0
2023-11-11,1060,43,Electronics,461.6309580419016,0
2023-11-11,1988,66,Home,158.13113402286376,0
2023-11-12,1822,64,Clothing,42.512164113559834,0
2023-11-12,1244,45,Electronics,620.8450508018153,0
2023-11-12,1839,20,Electronics,624.7811197916246,0
2023-11-13,1187,61,Electronics,400.0247198911868,0
2023-11-13,1496,40,Clothing,70.23600567542475,0
2023-11-13,1592,33,Clothing,43.68515267314699,0
2023-11-13,1896,18,Books,22.45805314370966,0
2023-11-14,1917,54,Beauty,47.41925993431044,0
2023-11-14,1236,36,Electronics,718.8056759288627,0
2023-11-14,1615,61,Beauty,42.759176065999355,1
2023-11-14,1798,52,Electronics,335.2201891615965,0
2023-11-15,1881,38,Electronics,642.1282982952499,0
2023-11-15,1091,39,Home,160.13801161903987,0
2023-11-16,1221,39,Electronics,484.39602333068154,0
2023-11-16,1038,57,Books,21.398854562405244,0
2023-11-16,1994,34,Electronics,567.7159712065787,1
2023-11-17,1334,63,Clothing,59.61956619555379,0
2023-11-17,1774,25,Electronics,529.2651387400598,0
2023-11-18,1380,36,Home,196.3827050470412,0
2023-11-18,1715,37,Home,152.10745734644382,0
2023-11-19,1578,67,Clothing,40.59355102359086,0
2023-11-19,1010,44,Electronics,498.1507411606952,0
2023-11-19,1442,40,Electronics,553.7315657544204,0
2023-11-20,1982,49,Clothing,44.68338099680332,0
2023-11-20,1370,53,Clothing,63.466658228367876,0
2023-11-21,1820,61,Electronics,523.9588880724169,0
2023-11-21,1633,42,Beauty,28.199702413279063,0
2023-11-21,1136,59,Home,120.8065391933604,0
2023-11-22,1458,22,Clothing,50.368121457654,0
2023-11-22,1039,50,Electronics,450.3289176069592,0
2023-11-22,1243,32,Clothing,25.926557930160577,0
2023-11-22,1395,30,Electronics,530.4636296348051,1
2023-11-23,1946,58,Electronics,464.519264981578,0
2023-11-23,1136,43,Electronics,242.61178849355798,0
2023-11-23,1626,64,Beauty,35.086107051610426,0
2023-11-24,1922,19,Electronics,579.4140060076179,1
2023-11-25,1917,63,Clothing,57.44584027199679,0
2023-11-26,1634,48,Books,20.65009903762546,0
2023-11-26,1140,33,Books,26.010104684950036,0
2023-11-26,1112,45,Home,169.6347747021361,0
2023-11-27,1012,34,Electronics,725.6751396434117,0
2023-11-27,1523,40,Home,96.7199298318439,0
2023-11-27,1465,45,Electronics,558.9139359027972,0
2023-11-27,1022,40,Electronics,537.8666234251411,0
2023-11-29,1074,67,Clothing,46.56023928566204,0
2023-12-01,1947,63,Clothing,50.124770493354674,0
2023-12-01,1032,24,Electronics,649.7776541242023,0
2023-12-01,1738,30,Books,27.21599329957865,0
2023-12-01,1088,21,Beauty,42.262309571869416,0
2023-12-02,1821,32,Books,30.84900476294275,0
2023-12-02,1225,51,Clothing,60.318679825348305,0
2023-12-03,1405,21,Home,188.3498841095615,0
2023-12-03,1570,54,Electronics,522.6228820584087,0
2023-12-04,1214,22,Electronics,390.79542005490407,0
2023-12-04,1002,23,Electronics,420.2006597818523,0
2023-12-04,1938,19,Books,26.650713078945365,0
2023-12-04,1992,49,Electronics,467.5226526720825,0
2023-12-05,1329,42,Clothing,35.85024128123952,0
2023-12-05,1249,28,Beauty,37.89003689721116,0
2023-12-06,1359,27,Electronics,561.5700729362553,0
2023-12-06,1692,39,Electronics,519.8902662150327,0
2023-12-06,1797,63,Books,25.669799535828222,0
2023-12-06,1540,37,Electronics,485.7992386970473,1
2023-12-06,1133,35,Beauty,32.48538609707248,0
2023-12-07,1343,18,Clothing,46.533466385698894,0
2023-12-07,1341,54,Electronics,604.1852143748029,0
2023-12-07,1752,48,Electronics,537.8347195607264,1
2023-12-08,1385,50,Electronics,442.0947452052746,0
2023-12-08,1434,33,Books,32.17233434673027,0
2023-12-08,1284,31,Home,108.08526005345767,0
2023-12-08,1802,55,Clothing,49.00619669873577,0
2023-12-08,1628,36,Clothing,52.325949082278164,0
2023-12-08,1804,40,Home,120.93505105359742,0
2023-12-09,1404,45,Electronics,575.7905396111012,0
2023-12-10,1645,29,Home,137.4666060770466,0
2023-12-10,1776,23,Electronics,574.6088119539685,1
2023-12-11,1580,66,Electronics,478.2047946731354,0
2023-12-11,1038,41,Books,27.24306551659081,0
2023-12-12,1709,37,Home,111.25466696712584,0
2023-12-12,1269,20,Clothing,74.34408633237682,1
2023-12-12,1385,53,Clothing,59.775680321615454,1
2023-12-12,1814,57,Electronics,500.2761835883936,0
2023-12-12,1520,24,Electronics,493.9268589614507,0
2023-12-12,1114,34,Clothing,44.98028292635306,0
2023-12-12,1994,26,Beauty,58.13744156078578,1
2023-12-13,1997,51,Electronics,451.1608269182968,0
2023-12-14,1130,38,Beauty,41.45287253002808,0
2023-12-14,1813,20,Electronics,486.0707988223371,0
2023-12-14,1345,30,Electronics,371.2480973940701,0
2023-12-14,1329,24,Books,28.323570431544447,0
2023-12-15,1799,67,Home,151.69885355436512,0
2023-12-15,1536,50,Home,177.50234757177662,0
2023-12-15,1989,18,Home,127.84393723496441,0
2023-12-15,1852,20,Electronics,544.5538846529005,0
2023-12-15,1672,49,Electronics,523.3205963985207,0
2023-12-16,1400,25,Books,21.882678298219865,0
2023-12-16,1335,44,Beauty,43.99528855355682,0
2023-12-16,1505,23,Electronics,513.7276135678289,1
2023-12-16,1016,18,Beauty,36.89680633052753,0
2023-12-17,1615,34,Home,108.6981089248911,0
2023-12-17,1343,54,Home,168.4930926756521,1
2023-12-18,1947,26,Electronics,568.20595085768,0
2023-12-18,1900,32,Books,23.21630718370486,0
2023-12-18,1474,40,Clothing,46.60398365511633,0
2023-12-20,1623,18,Books,23.583662455802664,0
2023-12-21,1038,26,Home,159.8811943675058,0
2023-12-21,1344,55,Clothing,46.34462716241828,0
2023-12-21,1363,35,Electronics,420.687465483285,0
2023-12-21,1468,34,Electronics,497.33633555548363,0
2023-12-22,1156,32,Books,19.968653228372574,0
2023-12-23,1364,59,Home,198.84448637270575,1
2023-12-23,1439,37,Electronics,587.3516424469751,1
2023-12-23,1730,65,Electronics,493.2085262437467,0
2023-12-24,1607,33,Electronics,563.2967650600808,0
2023-12-24,1061,59,Electronics,525.5053348889577,0
2023-12-25,1117,51,Electronics,649.358276930887,1
2023-12-25,1984,46,Electronics,418.2598188911279,1
2023-12-26,1050,38,Books,26.749061712744318,0
2023-12-26,1954,54,Electronics,589.4367887212375,0
2023-12-26,1288,43,Home,150.29793059199812,0
2023-12-26,1077,61,Books,22.031023388718378,0
2023-12-26,1595,46,Clothing,43.27721727812401,0
2023-12-26,1974,19,Electronics,390.8388805371792,0
2023-12-27,1812,44,Books,21.08238907932309,0
2023-12-27,1802,32,Electronics,417.98782799037906,0
2023-12-29,1669,66,Home,117.77539854370167,0
2023-12-30,1593,57,Electronics,469.5195910482261,1
2023-12-30,1136,25,Beauty,40.69084252400297,0
2023-12-31,1277,32,Beauty,34.64796301696146,0
2023-12-31,1292,50,Books,21.795478253759587,1
2023-12-31,1781,41,Beauty,32.973839410613074,0
2023-12-31,1193,61,Electronics,401.1731141823191,1
2023-12-31,1499,36,Books,23.210280842993427,0
2023-12-31,1825,62,Clothing,59.49173706427673,0
